Business Name,Category,City,Phone,Website,Instagram URL,Google Reviews,Rating,Website Score,Review Gap,Priority Score,Lead Type,Purchase Probability,Personalized Pitch Angle
The Home Bakers Delhi,Bakery and Cake Shop,Delhi,08076473789,None,https://www.instagram.com/thehomebakersdelhi/,24,4.3,1,976,100,Type B (No Website),High,Turn your Delhi local searches and Google Maps presence into direct dine-in customers. We will build a custom mobile-friendly website and help automate review generation.
Home Bakers,Bakery and Cake Shop,Delhi,09212109091,None,,2,4.0,1,998,90,Type B (No Website),High,Turn your Delhi local searches and Google Maps presence into direct dine-in customers. We will build a custom mobile-friendly website and help automate review generation.
#WAFFLE STATION DELHI,Cafe,Delhi,08810694200,None,,76,4.9,1,924,90,Type B (No Website),High,Turn your Delhi local searches and Google Maps presence into direct dine-in customers. We will build a custom mobile-friendly website and help automate review generation.
The Belgian Waffle Co.,Dessert restaurant,Delhi,08657064363,https://thebelgianwaffle.co/,https://www.instagram.com/p/DZb-rCFjHHZ,29,4.5,6,971,90,Type A (With Website),High,"You have a website, but only 29 reviews. Let's help you double your reviews to match Delhi's top competitors."
"The Waffle Co., Surajmal Vihar Delhi",Restaurant,Delhi,09811662973,None,,49,4.1,1,951,90,Type B (No Website),High,Turn your Delhi local searches and Google Maps presence into direct dine-in customers. We will build a custom mobile-friendly website and help automate review generation.
Artisan Lab- Concept Store and Cafe- Luxury Home Decor & Lifestyle,Boutique,Delhi,08287757707,https://www.artisanlab.in/?utm_source=gmb&utm_medium=organic&utm_content=GoogleListing&utm_campaign=GoogleListing,https://www.instagram.com/artisanlab.in,96,4.4,6,904,90,Type A (With Website),High,"You have a website, but only 96 reviews. Let's help you double your reviews to match Delhi's top competitors."
Alayna Cafe,Coffee shop,Delhi,09217045511,None,https://www.instagram.com/thealaynacafe/,146,4.7,1,854,90,Type B (No Website),High,Turn your Delhi local searches and Google Maps presence into direct dine-in customers. We will build a custom mobile-friendly website and help automate review generation.
Waffle Castle Delhi (Vijay Nagar),Dessert shop,Delhi,09971211830,http://www.wafflecastle.in/,https://www.instagram.com/ancora_themes,197,4.9,6,803,80,Type A (With Website),High,"You have a website, but only 197 reviews. Let's help you double your reviews to match Delhi's top competitors."
Waffle Castle Delhi (NSP Pitampura),Dessert shop,Delhi,07011073940,http://www.wafflecastle.in/,https://www.instagram.com/ancora_themes,120,4.9,6,880,80,Type A (With Website),High,"You have a website, but only 120 reviews. Let's help you double your reviews to match Delhi's top competitors."
Waffle Castle Delhi (Shalimar Bagh),Dessert shop,Delhi,07678270258,http://www.wafflecastle.in/,https://www.instagram.com/ancora_themes,160,4.9,6,840,80,Type A (With Website),High,"You have a website, but only 160 reviews. Let's help you double your reviews to match Delhi's top competitors."
24/7 Restaurant - New Delhi,Restaurant,Delhi,08826892902,https://www.thelalit.com/the-lalit-delhi/eat-and-drink/247-restaurant/,,82,4.6,6,918,80,Type A (With Website),High,"You have a website, but only 82 reviews. Let's help you double your reviews to match Delhi's top competitors."
Exist : Coffee shop,Coffee shop,Chennai,07401387955,None,,56,4.9,6,944,80,Type A (With Website),High,"You have a website, but only 56 reviews. Let's help you double your reviews to match Chennai's top competitors."
Baked in Bangalore™,Bakery and Cake Shop,Bengaluru,07019554901,https://bakedinbangalore.in/,,95,4.8,6,905,80,Type A (With Website),High,"You have a website, but only 95 reviews. Let's help you double your reviews to match Bengaluru's top competitors."
Feeka cafe - Best Cafe in Jankipuram Lucknow,Continental restaurant,Lucknow,09026040673,https://www.facebook.com/feekacafeofficial?mibextid=ZbWKwL,,250,4.8,3,750,80,Type B (No Website),High,Turn your Lucknow local searches and Google Maps presence into direct dine-in customers. We will build a custom mobile-friendly website and help automate review generation.
Cafe EL Retro,Cafe,Lucknow,07905754410,https://cafeelretro.vercel.app/,,51,4.8,6,949,80,Type A (With Website),High,"You have a website, but only 51 reviews. Let's help you double your reviews to match Lucknow's top competitors."
Waffle Castle Delhi (Rohini Sec 7),Dessert shop,Delhi,09871352333,http://www.waffleastle.in/,,44,4.8,6,956,80,Type A (With Website),High,"You have a website, but only 44 reviews. Let's help you double your reviews to match Delhi's top competitors."
Waffle Street,Dessert restaurant,Delhi,09953803314,None,,286,4.3,1,714,80,Type B (No Website),High,Turn your Delhi local searches and Google Maps presence into direct dine-in customers. We will build a custom mobile-friendly website and help automate review generation.
Nostalgia Cafe,Cafe,Delhi,09878705823,None,,178,4.6,1,822,80,Type B (No Website),High,Turn your Delhi local searches and Google Maps presence into direct dine-in customers. We will build a custom mobile-friendly website and help automate review generation.
Roasted by Roseate,Cafe,Delhi,09871200654,https://www.roseatehotels.com/newdelhi/upstage/,https://www.instagram.com/roseatehotelsandresorts,236,4.4,6,764,80,Type A (With Website),High,"You have a website, but only 236 reviews. Let's help you double your reviews to match Delhi's top competitors."
The Fairy Bake,Bakery and Cake Shop,Delhi,09560963517,None,,290,4.9,1,710,80,Type B (No Website),High,Turn your Delhi local searches and Google Maps presence into direct dine-in customers. We will build a custom mobile-friendly website and help automate review generation.
Miam Pâtisserie,Patisserie,Delhi,09871441164,http://www.miampatisserie.com/,https://www.instagram.com/miampatisserie,283,4.3,6,717,80,Type A (With Website),High,"You have a website, but only 283 reviews. Let's help you double your reviews to match Delhi's top competitors."
The Sunday House,Restaurant,Delhi,09911836663,None,,313,4.1,1,687,70,Type B (No Website),High,Turn your Delhi local searches and Google Maps presence into direct dine-in customers. We will build a custom mobile-friendly website and help automate review generation.
Cafe Olive Eyrie,Cafe,Nagpur,07709199531,None,,123,4.9,6,877,70,Type A (With Website),High,"You have a website, but only 123 reviews. Let's help you double your reviews to match Nagpur's top competitors."
The Perch,Coffee shop,Chennai,08925550089,None,,131,4.5,6,869,70,Type A (With Website),High,"You have a website, but only 131 reviews. Let's help you double your reviews to match Chennai's top competitors."
Habit - Coffee Lounge,Coffee shop,Indore,09981290539,None,,236,4.7,6,764,70,Type A (With Website),High,"You have a website, but only 236 reviews. Let's help you double your reviews to match Indore's top competitors."
Retreat Cafe and Eatery (previously Momma’s Cafe),Cafe,Nagpur,09370430479,None,,212,4.6,6,788,70,Type A (With Website),High,"You have a website, but only 212 reviews. Let's help you double your reviews to match Nagpur's top competitors."
The Brewed Leaf Coffee Roasters,Cafe,Nagpur,07678630360,None,,215,4.1,6,785,70,Type A (With Website),High,"You have a website, but only 215 reviews. Let's help you double your reviews to match Nagpur's top competitors."
MADRAS GOOD ROAST KAAPEEZ,Coffee store,Nagpur,07083870124,None,,255,4.8,6,745,70,Type A (With Website),High,"You have a website, but only 255 reviews. Let's help you double your reviews to match Nagpur's top competitors."
Mr. Bake - The Live Cake Shop,Bakery and Cake Shop,Surat,09106751611,None,,241,4.8,6,759,70,Type A (With Website),High,"You have a website, but only 241 reviews. Let's help you double your reviews to match Surat's top competitors."
The Ancestry - A Cafe and Eatery,Restaurant,Lucknow,08948420234,None,,212,4.5,6,788,70,Type A (With Website),High,"You have a website, but only 212 reviews. Let's help you double your reviews to match Lucknow's top competitors."
Gulli's cafe,Cafe,Lucknow,08896208566,None,,256,4.4,6,744,70,Type A (With Website),High,"You have a website, but only 256 reviews. Let's help you double your reviews to match Lucknow's top competitors."
The house of coffee,Coffee shop,Jaipur,08824141329,None,,202,4.6,6,798,70,Type A (With Website),High,"You have a website, but only 202 reviews. Let's help you double your reviews to match Jaipur's top competitors."
Matcha Brew & Bake,Cafe,Pune,09999309921,None,,179,4.7,6,821,70,Type A (With Website),High,"You have a website, but only 179 reviews. Let's help you double your reviews to match Pune's top competitors."
COFFEE HOUSE,Coffee shop,Nagpur,09325495141,None,,238,4.7,6,762,70,Type A (With Website),High,"You have a website, but only 238 reviews. Let's help you double your reviews to match Nagpur's top competitors."
AKSHAR Bakery & Café,Bakery and Cake Shop,Ahmedabad,09998015518,None,,232,4.9,6,768,70,Type A (With Website),High,"You have a website, but only 232 reviews. Let's help you double your reviews to match Ahmedabad's top competitors."
D Cafe Caribbean - Best cafe in Lucknow,Cafe,Lucknow,07499966633,https://linktr.ee/dcafecaribbean,,115,4.7,6,885,70,Type A (With Website),High,"You have a website, but only 115 reviews. Let's help you double your reviews to match Lucknow's top competitors."
Cafe Bahar Pune,Cafe,Pune,08484013281,https://instagram.com/cafebaharpune/,,320,4.5,3,680,70,Type B (No Website),High,Turn your Pune local searches and Google Maps presence into direct dine-in customers. We will build a custom mobile-friendly website and help automate review generation.
"SENCIA | Dine In, Cafe & Bakery",Fine dining restaurant,Indore,09907796668,https://www.senciacafe.com/,,296,4.6,6,704,70,Type A (With Website),High,"You have a website, but only 296 reviews. Let's help you double your reviews to match Indore's top competitors."
Ktas Cafe - ( Best Cafe at East Nagpur ),Cafe,Nagpur,07038620658,https://ktascafe.netlify.app/,,261,4.8,6,739,70,Type A (With Website),High,"You have a website, but only 261 reviews. Let's help you double your reviews to match Nagpur's top competitors."
𝐋𝐚 𝐂𝐚𝐟𝐞𝐭𝐞𝐫𝐢𝐚 | 𝐁𝐞𝐬𝐭 𝐜𝐚𝐟𝐞 𝐈𝐧 𝐒𝐮𝐫𝐚𝐭 | 𝐁𝐞𝐬𝐭 𝐂𝐚𝐟𝐞 𝐈𝐧 𝐕𝐞𝐬𝐮,Cafe,Surat,09327055035,https://sites.google.com/view/lacafeteriasurat/home,,244,4.7,6,756,70,Type A (With Website),High,"You have a website, but only 244 reviews. Let's help you double your reviews to match Surat's top competitors."
"Crazy Coffee | Indra Nagar, Lucknow",Coffee shop,Lucknow,09170184318,https://www.crazycoffeeindia.com/,,290,4.9,6,710,70,Type A (With Website),High,"You have a website, but only 290 reviews. Let's help you double your reviews to match Lucknow's top competitors."
Kelly's Baking Stories,Bakery and Cake Shop,Ahmedabad,08799055079,http://www.kellysbakingstories.in/,,297,4.9,6,703,70,Type A (With Website),High,"You have a website, but only 297 reviews. Let's help you double your reviews to match Ahmedabad's top competitors."
Double Quotes Coffee Space | DQ COFFEE,Coffee shop,Chennai,06379907409,https://www.dqcoffee.in/,,225,4.8,6,775,70,Type A (With Website),High,"You have a website, but only 225 reviews. Let's help you double your reviews to match Chennai's top competitors."
Retro Coffee,Cafe,Chennai,09843398393,https://www.swiggy.com/menu/788291?source=sharing,,238,4.4,6,762,70,Type A (With Website),High,"You have a website, but only 238 reviews. Let's help you double your reviews to match Chennai's top competitors."
Cafe Madras Borough,Coffee shop,Chennai,09043888661,https://www.swiggy.com/restaurants/cafe-madras-borough-thuraipakkam-chennai-785097,,203,4.2,6,797,70,Type A (With Website),High,"You have a website, but only 203 reviews. Let's help you double your reviews to match Chennai's top competitors."
La Waffle Cafe,Dessert restaurant,Delhi,07531069299,http://www.lawafflecafe.com/,,129,5.0,6,871,70,Type A (With Website),High,"You have a website, but only 129 reviews. Let's help you double your reviews to match Delhi's top competitors."
Bean Boutique,Coffee shop,Delhi,09899078822,https://beanboutiques.com/,,143,4.7,6,857,70,Type A (With Website),High,"You have a website, but only 143 reviews. Let's help you double your reviews to match Delhi's top competitors."
Seven Seeds Coffee,Coffee shop,Delhi,09971866227,None,,316,4.2,1,684,70,Type B (No Website),High,Turn your Delhi local searches and Google Maps presence into direct dine-in customers. We will build a custom mobile-friendly website and help automate review generation.
Tuileries patisserie - Premium Cakes in Delhi,Patisserie,Delhi,09650613045,https://tuileriespatisserie.in/?utm_source=gmb&utm_medium=organic,https://www.instagram.com/tuileriespatisserie,318,4.5,6,682,70,Type A (With Website),High,"You have a website, but only 318 reviews. Let's help you double your reviews to match Delhi's top competitors."
Whisk A Wish,Patisserie,Delhi,08527798868,http://whiskawish.com/,https://www.instagram.com/whiskawish,311,4.8,6,689,70,Type A (With Website),High,"You have a website, but only 311 reviews. Let's help you double your reviews to match Delhi's top competitors."
Raajsik - Indian Cuisine Restaurant,North Indian restaurant,Delhi,01147707070,https://theumrao.com/dining,https://www.instagram.com/the.umrao,286,4.6,6,714,65,Type A (With Website),High,"You have a website, but only 286 reviews. Let's help you double your reviews to match Delhi's top competitors."
Waffle & Scoop Cafe,Ice cream shop,Delhi,09220903229,None,https://www.instagram.com/waffle_and_scoop_cafe/,649,4.9,1,351,65,Type B (No Website),High,Turn your Delhi local searches and Google Maps presence into direct dine-in customers. We will build a custom mobile-friendly website and help automate review generation.
The Waffle Co.,Dessert shop,Delhi,01141096262,http://www.thewaffleco.in/,https://www.instagram.com/thewaffleco_twc,144,4.2,6,856,65,Type A (With Website),High,"You have a website, but only 144 reviews. Let's help you double your reviews to match Delhi's top competitors."
"Greedy's Cafe, Vasant Kunj",Cafe,Delhi,08448253838,None,https://www.instagram.com/greedys.cafe,539,4.8,1,461,65,Type B (No Website),High,Turn your Delhi local searches and Google Maps presence into direct dine-in customers. We will build a custom mobile-friendly website and help automate review generation.
IKIGAI Cafe Delhi Heights,Cafe,Delhi,07861854033,https://stores.cafedelhiheights.com/store-pages/cafe-delhi-heights-ikigai-new-delhi/,,312,4.4,6,688,60,Type A (With Website),High,"You have a website, but only 312 reviews. Let's help you double your reviews to match Delhi's top competitors."
Surat Bakery,Bakery and Cake Shop,Surat,09979663775,None,,317,4.4,6,683,60,Type A (With Website),High,"You have a website, but only 317 reviews. Let's help you double your reviews to match Surat's top competitors."
House Of Cakes Bakery & Cafe,Bakery and Cake Shop,Lucknow,08112312344,None,,320,4.8,6,680,60,Type A (With Website),High,"You have a website, but only 320 reviews. Let's help you double your reviews to match Lucknow's top competitors."
Alchemist Coffee Company | Jaipur,Cafe,Jaipur,08829029280,https://www.alchemistroastery.com/,,327,4.6,6,673,60,Type A (With Website),High,"You have a website, but only 327 reviews. Let's help you double your reviews to match Jaipur's top competitors."
Baker's Den,Bakery and Cake Shop,Ahmedabad,07699454545,https://www.thebakersden.com/,,302,4.7,6,698,60,Type A (With Website),High,"You have a website, but only 302 reviews. Let's help you double your reviews to match Ahmedabad's top competitors."
Adrift Kaya,Japanese restaurant,Delhi,08527488127,https://www.marriott.com/en-us/dining/restaurant-bar/delap-jw-marriott-hotel-new-delhi-aerocity/6841336-adrift-kaya.mi,https://www.instagram.com/marriottbonvoy,428,4.7,6,572,55,Type A (With Website),High,"You have a website, but only 428 reviews. Let's help you double your reviews to match Delhi's top competitors."
The Belgian Waffle Co,Dessert restaurant,Delhi,08657902079,https://thebelgianwaffle.co/,https://www.instagram.com/p/DZb-rCFjHHZ,356,4.6,6,644,55,Type A (With Website),High,"You have a website, but only 356 reviews. Let's help you double your reviews to match Delhi's top competitors."
PEACE OF MIND CAFE,Cafe,Delhi,08376060730,None,,403,4.9,1,597,55,Type B (No Website),High,Turn your Delhi local searches and Google Maps presence into direct dine-in customers. We will build a custom mobile-friendly website and help automate review generation.
Magic Delight-Taste Of Happiness,Restaurant,Delhi,08920496123,None,,420,4.7,1,580,55,Type B (No Website),High,Turn your Delhi local searches and Google Maps presence into direct dine-in customers. We will build a custom mobile-friendly website and help automate review generation.
Cottage cafe by La Polo,Coffee shop,Delhi,08130214666,None,,601,4.2,1,399,55,Type B (No Website),High,Turn your Delhi local searches and Google Maps presence into direct dine-in customers. We will build a custom mobile-friendly website and help automate review generation.
TREE HOUSE CAFE,Cafe,Delhi,08800969646,None,,514,4.7,1,486,55,Type B (No Website),High,Turn your Delhi local searches and Google Maps presence into direct dine-in customers. We will build a custom mobile-friendly website and help automate review generation.
Moonstruck Coffee,Cafe,Surat,09664721479,http://www.instagram.com/moonstruck.coffee,,583,4.4,3,417,55,Type B (No Website),High,Turn your Surat local searches and Google Maps presence into direct dine-in customers. We will build a custom mobile-friendly website and help automate review generation.
RANGOON COFFEE BREWERY JAIPUR - Best Cafes in Jaipur | Coffee Shops in Jaipur | Coffee House in Jaipur,Cafe,Jaipur,09529777778,https://instagram.com/rangoonjaipur?igshid=MWZjMTM2ODFkZg==,,537,4.7,3,463,55,Type B (No Website),High,Turn your Jaipur local searches and Google Maps presence into direct dine-in customers. We will build a custom mobile-friendly website and help automate review generation.
Cafe & Cream,Cafe,Jaipur,09602780077,https://instagram.com/cafeandcream_,,378,4.7,3,622,55,Type B (No Website),High,Turn your Jaipur local searches and Google Maps presence into direct dine-in customers. We will build a custom mobile-friendly website and help automate review generation.
"Delifina - Cafe, Bakery, Deli",Cafe,Chennai,09786200090,https://www.instagram.com/delifina_india/,,558,4.5,3,442,55,Type B (No Website),High,Turn your Chennai local searches and Google Maps presence into direct dine-in customers. We will build a custom mobile-friendly website and help automate review generation.
Wild Goat,Cafe,Hyderabad,09988552269,https://www.instagram.com/wildgoat.hyderabad?igsh=MTF6MDN2OWFlMmp5aw==,,428,4.4,3,572,55,Type B (No Website),High,Turn your Hyderabad local searches and Google Maps presence into direct dine-in customers. We will build a custom mobile-friendly website and help automate review generation.
Oz’s Waffle hustle,Ice cream shop,Delhi,09811003398,None,,462,4.1,1,538,55,Type B (No Website),High,Turn your Delhi local searches and Google Maps presence into direct dine-in customers. We will build a custom mobile-friendly website and help automate review generation.
7th Heaven Bakery - Delhi,Bakery and Cake Shop,Delhi,09142248325,http://www.7thheaven.in/,https://www.instagram.com/7thheavendesserts,420,4.8,6,580,55,Type A (With Website),High,"You have a website, but only 420 reviews. Let's help you double your reviews to match Delhi's top competitors."
Delhi Baking Company,Patisserie,Delhi,01145212127,https://promos.marriott.com/DELAP/marriott-on-wheels,,249,4.3,6,751,55,Type A (With Website),High,"You have a website, but only 249 reviews. Let's help you double your reviews to match Delhi's top competitors."
Lahore Bakery Sagarpur,Bakery and Cake Shop,Delhi,09810691076,None,,518,4.1,1,482,55,Type B (No Website),High,Turn your Delhi local searches and Google Maps presence into direct dine-in customers. We will build a custom mobile-friendly website and help automate review generation.
The Old Roastery,Cafe,Surat,07575029779,None,,413,4.8,6,587,45,Type A (With Website),High,"You have a website, but only 413 reviews. Let's help you double your reviews to match Surat's top competitors."
The Flat White Coffee House,Coffee shop,Surat,08799370091,None,,368,4.5,6,632,45,Type A (With Website),High,"You have a website, but only 368 reviews. Let's help you double your reviews to match Surat's top competitors."
Cafe Auberge,Cafe,Jaipur,09654459062,None,,395,4.6,6,605,45,Type A (With Website),High,"You have a website, but only 395 reviews. Let's help you double your reviews to match Jaipur's top competitors."
The Western Cafe,Cafe,Pune,09307350902,None,,374,4.8,6,626,45,Type A (With Website),High,"You have a website, but only 374 reviews. Let's help you double your reviews to match Pune's top competitors."
THE NOOK Cafe,Cafe,Pune,09334799714,None,,427,4.5,6,573,45,Type A (With Website),High,"You have a website, but only 427 reviews. Let's help you double your reviews to match Pune's top competitors."
Kami Hyderabad Cafe & Patisserie,Cafe,Hyderabad,09959094394,None,,487,4.6,6,513,45,Type A (With Website),High,"You have a website, but only 487 reviews. Let's help you double your reviews to match Hyderabad's top competitors."
Amigos Café and Restaurant,Cafe,Indore,09979032178,https://menu.amigoscafe.in/Amigos-Cafe,,362,4.5,6,638,45,Type A (With Website),High,"You have a website, but only 362 reviews. Let's help you double your reviews to match Indore's top competitors."
The Eyry | Speciality Coffee | Amazing Food & Bakery | Coworking space Indore,Cafe,Indore,07314957775,https://www.theeyry.com/,,486,4.0,6,514,45,Type A (With Website),High,"You have a website, but only 486 reviews. Let's help you double your reviews to match Indore's top competitors."
Cafe White Eye,Cafe,Surat,06356353531,https://cafe-white-eye-vpq8pjl.gamma.site/,,648,4.5,6,352,45,Type A (With Website),High,"You have a website, but only 648 reviews. Let's help you double your reviews to match Surat's top competitors."
Cakes by CH | #1 Rated Customized Cake Specialist for Engagement & Flower Same Day Delivery Lucknow | E,Bakery and Cake Shop,Lucknow,06387637074,https://www.cakesbych.in/,,361,4.7,6,639,45,Type A (With Website),High,"You have a website, but only 361 reviews. Let's help you double your reviews to match Lucknow's top competitors."
Sultanat Cafe Fort Jaipur,North Indian restaurant,Jaipur,08766155155,http://fortjaipur.com/,,689,4.3,6,311,45,Type A (With Website),High,"You have a website, but only 689 reviews. Let's help you double your reviews to match Jaipur's top competitors."
COFFEE STAND ®-CG Road,Coffee shop,Ahmedabad,09726323358,http://coffeestand.in/,,690,4.3,6,310,45,Type A (With Website),High,"You have a website, but only 690 reviews. Let's help you double your reviews to match Ahmedabad's top competitors."
"Theobroma Bakery and Cake Shop - CG Road, Ahmedabad",Bakery and Cake Shop,Ahmedabad,08182881881,https://order.theobroma.in/order/theobroma-cg-road-ahmedabad,,495,4.4,6,505,45,Type A (With Website),High,"You have a website, but only 495 reviews. Let's help you double your reviews to match Ahmedabad's top competitors."
Mom's Bake by Jasmine Patel Ahmedabad,Cake shop,Ahmedabad,08469826146,http://www.momsbake.in/,,634,4.9,6,366,45,Type A (With Website),High,"You have a website, but only 634 reviews. Let's help you double your reviews to match Ahmedabad's top competitors."
729 Grams Coffee Roasters,Coffee shop,Pune,09137275824,https://www.729grams.coffee/,,677,4.5,6,323,45,Type A (With Website),High,"You have a website, but only 677 reviews. Let's help you double your reviews to match Pune's top competitors."
bai mu dan,Cafe,Pune,07888262628,http://flow.page/baimudan,,691,4.4,6,309,45,Type A (With Website),High,"You have a website, but only 691 reviews. Let's help you double your reviews to match Pune's top competitors."
Tonguestun Cafe,Cafe,Pune,07796779696,https://magicpin.in/Pune/Karve-Nagar/Restaurant/Tonguestun-Cafe/store/62c12b/?utm_source=gbp,,407,4.8,6,593,45,Type A (With Website),High,"You have a website, but only 407 reviews. Let's help you double your reviews to match Pune's top competitors."
"KUP Coffee Roasters, Nungambakkam",Cafe,Chennai,09176727000,https://www.kup.world/,,544,4.2,6,456,45,Type A (With Website),High,"You have a website, but only 544 reviews. Let's help you double your reviews to match Chennai's top competitors."
SOZO Cakery & Cafe,Coffee shop,Hyderabad,09030333597,https://sozocakerycafe.com/,,391,4.7,6,609,45,Type A (With Website),High,"You have a website, but only 391 reviews. Let's help you double your reviews to match Hyderabad's top competitors."
Easy Celebrations - Best Fresh Affordable Online Cake Delivery Shop Lucknow,Bakery and Cake Shop,Lucknow,07007848717,https://wa.me/easy.celebrations,,411,4.7,6,589,45,Type A (With Website),High,"You have a website, but only 411 reviews. Let's help you double your reviews to match Lucknow's top competitors."
The Grind Cafe,Cafe,Hyderabad,07331139983,http://thegrindcafe.in/,,409,4.2,6,591,45,Type A (With Website),High,"You have a website, but only 409 reviews. Let's help you double your reviews to match Hyderabad's top competitors."
THEOS RK PURAM DELHI,Bakery and Cake Shop,Delhi,08750252224,http://www.theosfood.com/,,565,4.2,6,435,45,Type A (With Website),High,"You have a website, but only 565 reviews. Let's help you double your reviews to match Delhi's top competitors."
BBR Coffee by Before British Raj,Coffee shop,Delhi,01147350506,http://beforebritishraj.com/,https://www.instagram.com/beforebritishraj,672,4.5,6,328,40,Type A (With Website),High,"You have a website, but only 672 reviews. Let's help you double your reviews to match Delhi's top competitors."
"Cafe Resto, Jaypee Vasant - 5 Star Luxury Coffee Shop, Restaurant in Delhi",Coffee shop,Delhi,01146072030,https://www.jaypeehotels.com/hotel/jaypee-vasant-continental-hotel,https://www.instagram.com/jaypeehotels,358,4.4,6,642,40,Type A (With Website),High,"You have a website, but only 358 reviews. Let's help you double your reviews to match Delhi's top competitors."
Bread & More,Bakery and Cake Shop,Delhi,01141004855,None,,464,4.2,1,536,40,Type B (No Website),High,Turn your Delhi local searches and Google Maps presence into direct dine-in customers. We will build a custom mobile-friendly website and help automate review generation.
"Signature cafe- cabin cafe in Jaipur, Couples cafe",Cafe,Jaipur,01414681559,None,,363,4.6,6,637,30,Type A (With Website),High,"You have a website, but only 363 reviews. Let's help you double your reviews to match Jaipur's top competitors."
